﻿<?xml version="1.0" encoding="UTF-8"?>
<customUI xmlns="http://schemas.microsoft.com/office/2009/07/customui">
  <ribbon>
    <tabs>
      <tab idMso="TabContact">
        <group id="Tab_Contact" getLabel="GetItemLabel" getVisible="ShowInspectorRibbon">
          <button id="btnDialInsp_C" getLabel="GetItemLabel" getImage="GetItemImageMso" getScreentip="GetItemScreenTipp" size="large" onAction="BtnOnAction"/>
          <menu id="mnuRWS_C01" getLabel="GetItemLabel" getImage="GetItemImageMso" getScreentip="GetItemScreenTipp" size="large">
            <button id="btnRWS01_C" tag="RWS11880" getLabel="GetItemLabel" getScreentip="GetItemScreenTipp" showImage="false" onAction="BtnOnAction"/>
            <button id="btnRWS02_C" tag="RWSDasOertliche" getLabel="GetItemLabel" getScreentip="GetItemScreenTipp" showImage="false" onAction="BtnOnAction"/>
            <button id="btnRWS03_C" tag="RWSDasTelefonbuch" getLabel="GetItemLabel" getScreentip="GetItemScreenTipp" showImage="false" onAction="BtnOnAction"/>
            <button id="btnRWS04_C" tag="RWSTelSearch" getLabel="GetItemLabel" getScreentip="GetItemScreenTipp" showImage="false" onAction="BtnOnAction"/>
            <button id="btnRWS05_C" tag="RWSAlle" getLabel="GetItemLabel" getScreentip="GetItemScreenTipp" showImage="false" onAction="BtnOnAction"/>
          </menu>
          <toggleButton id="tbtnVIP_C1" getLabel="GetItemLabel" getImage="GetItemImageMso" getPressed="tBtnPressedVIP" size="normal" getScreentip="GetItemScreenTipp" onAction="OnActionVIP"/>
          <button id="btnNote_C" getLabel="GetItemLabel" getImage="GetItemImageMso" getScreentip="GetItemScreenTipp" size="normal" onAction="BtnOnAction"/>
          <button id="btnUpload_C" getLabel="GetItemLabel" getImage="GetItemImageMso" getScreentip="GetItemScreenTipp" size="normal" onAction="BtnOnAction"/>
        </group>
      </tab>
      <tab idMso="TabReadMessage">
        <group id="Tab_ReadMessage" getLabel="GetItemLabel" getVisible="ShowInspectorRibbon">
          <button id="btnDialInsp_M" getLabel="GetItemLabel" getImage="GetItemImageMso" getScreentip="GetItemScreenTipp" size="large" onAction="BtnOnAction"/>
        </group>
      </tab>
      <tab idMso="TabJournal">
        <group id="Tab_Journal" getLabel="GetItemLabel" getVisible="ShowInspectorRibbon">
          <button id="btnDialInsp_J" getLabel="GetItemLabel" getImage="GetItemImageMso" getScreentip="GetItemScreenTipp" size="large" getEnabled="EnableBtnJournal" onAction="BtnOnAction"/>
          <menu id="mnuRWS_J01" getLabel="GetItemLabel" getImage="GetItemImageMso" getScreentip="GetItemScreenTipp" size="large" getEnabled="EnableBtnJournal" >
            <button id="btnRWS01_J" tag="RWS11880" getLabel="GetItemLabel" getScreentip="GetItemScreenTipp" showImage="false" onAction="BtnOnAction"/>
            <button id="btnRWS02_J" tag="RWSDasOertliche" getLabel="GetItemLabel" getScreentip="GetItemScreenTipp" showImage="false" onAction="BtnOnAction"/>
            <button id="btnRWS03_J" tag="RWSDasTelefonbuch" getLabel="GetItemLabel" getScreentip="GetItemScreenTipp" showImage="false" onAction="BtnOnAction"/>
            <button id="btnRWS04_J" tag="RWSTelSearch" getLabel="GetItemLabel" getScreentip="GetItemScreenTipp" showImage="false" onAction="BtnOnAction"/>
            <button id="btnRWS05_J" tag="RWSAlle" getLabel="GetItemLabel" getScreentip="GetItemScreenTipp" showImage="false" onAction="BtnOnAction"/>
          </menu>
          <button id="btnAddContact_J" getLabel="GetItemLabel" getImage="GetItemImageMso" getScreentip="GetItemScreenTipp" size="large" onAction="BtnOnAction"/>
        </group>
      </tab>
    </tabs>
  </ribbon>
</customUI>

