﻿<?xml version="1.0" encoding="UTF-8"?>
<customUI xmlns="http://schemas.microsoft.com/office/2009/07/customui" onLoad="Ribbon_Load">
  <ribbon startFromScratch="false">
    <tabs>
      <tab idMso="TabCalendar">
        <group id="Tab_Calendar" getLabel="GetItemLabel" getVisible="ShowExplorerRibbon" autoScale="false" imageMso="AutoDial">
          <splitButton id="spb1_K" size="large">
            <button id="btnDialExpl_K" getLabel="GetItemLabel" getImage="GetItemImageMso" onAction="BtnOnAction"  getScreentip="GetItemScreenTipp"/>
            <menu id="mnu_K1">
              <button id="btnDirektwahl_K" getLabel="GetItemLabel" getImage="GetItemImageMso" onAction="BtnOnAction" getScreentip="GetItemScreenTipp"/>
            </menu>
          </splitButton>
          <separator id="Seperator_K1"/>
          <dynamicMenu id="dynMWwdListe_K" getLabel="GetItemLabel" getContent="DynMenüfüllen" invalidateContentOnDrop="true" getEnabled="DynMenüEnabled" getScreentip="GetItemScreenTipp" getImage="GetItemImageMso" showImage="false"/>
          <dynamicMenu id="dynMAnrListe_K" getLabel="GetItemLabel" getContent="DynMenüfüllen" invalidateContentOnDrop="true" getEnabled="DynMenüEnabled" getScreentip="GetItemScreenTipp" getImage="GetItemImageMso" showImage="false"/>
          <dynamicMenu id="dynMVIPListe_K" getLabel="GetItemLabel" getContent="DynMenüfüllen" invalidateContentOnDrop="true" getEnabled="DynMenüEnabled" getScreentip="GetItemScreenTipp" getImage="GetItemImageMso" showImage="false"/>
          <separator id="Seperator_K2" getVisible="GetVisibleAnrMonFKT"/>
          <splitButton id="spb2_K" getVisible="GetVisibleAnrMonFKT">
            <toggleButton id="btnAnrMonIO_K" getLabel="GetItemLabel" onAction="BtnOnAction" getImage="GetItemImageMso" getPressed="GetPressed" getScreentip="GetItemScreenTipp"/>
            <menu id="mnu_K2">
              <button id="btnAnrMonRestart_K" getLabel="GetItemLabel" onAction="BtnOnAction" getImage="GetItemImageMso" getScreentip="GetItemScreenTipp"/>
            </menu>
          </splitButton>
          <button id="btnAnrMonShow_K" getLabel="GetItemLabel" onAction="BtnOnAction" getImage="GetItemImageMso" getVisible="GetVisibleAnrMonFKT" getScreentip="GetItemScreenTipp"/>
          <button id="btnAnrMonJI_K" getLabel="GetItemLabel" onAction="BtnOnAction" getImage="GetItemImageMso" getVisible="GetVisibleAnrMonFKT" getEnabled="GetEnabledJI" getScreentip="GetItemScreenTipp"/>
          <dialogBoxLauncher>
            <button id="Einstellungen_K" onAction="BtnOnAction" getScreentip="GetItemScreenTipp"/>
          </dialogBoxLauncher>
        </group>
      </tab>
      <tab idMso="TabContacts" >
        <group id="Tab_Contact" getLabel="GetItemLabel" getVisible="ShowExplorerRibbon" autoScale="false" imageMso="AutoDial">
          <splitButton id="spb1_C" size="large">
            <button id="btnDialExpl_C" getLabel="GetItemLabel" getImage="GetItemImageMso" onAction="BtnOnAction"  getScreentip="GetItemScreenTipp"/>
            <menu id="mnu_C1">
              <button id="btnDirektwahl_C" getLabel="GetItemLabel" getImage="GetItemImageMso" onAction="BtnOnAction" getScreentip="GetItemScreenTipp"/>
            </menu>
          </splitButton>
          <separator id="Seperator_C1"/>
          <dynamicMenu id="dynMWwdListe_C" getLabel="GetItemLabel" getContent="DynMenüfüllen" invalidateContentOnDrop="true" getEnabled="DynMenüEnabled" getScreentip="GetItemScreenTipp" getImage="GetItemImageMso" showImage="false"/>
          <dynamicMenu id="dynMAnrListe_C" getLabel="GetItemLabel" getContent="DynMenüfüllen" invalidateContentOnDrop="true" getEnabled="DynMenüEnabled" getScreentip="GetItemScreenTipp" getImage="GetItemImageMso" showImage="false"/>
          <dynamicMenu id="dynMVIPListe_C" getLabel="GetItemLabel" getContent="DynMenüfüllen" invalidateContentOnDrop="true" getEnabled="DynMenüEnabled" getScreentip="GetItemScreenTipp" getImage="GetItemImageMso" showImage="false"/>
          <separator id="Seperator_C2" getVisible="GetVisibleAnrMonFKT"/>
          <splitButton id="spb2_C" getVisible="GetVisibleAnrMonFKT">
            <toggleButton id="btnAnrMonIO_C" getLabel="GetItemLabel" onAction="BtnOnAction" getImage="GetItemImageMso" getPressed="GetPressed" getScreentip="GetItemScreenTipp"/>
            <menu id="mnu_C2">
              <button id="btnAnrMonRestart_C" getLabel="GetItemLabel" onAction="BtnOnAction" getImage="GetItemImageMso" getScreentip="GetItemScreenTipp"/>
            </menu>
          </splitButton>
          <button id="btnAnrMonShow_C" getLabel="GetItemLabel" onAction="BtnOnAction" getImage="GetItemImageMso" getVisible="GetVisibleAnrMonFKT" getScreentip="GetItemScreenTipp"/>
          <button id="btnAnrMonJI_C" getLabel="GetItemLabel" onAction="BtnOnAction" getImage="GetItemImageMso" getVisible="GetVisibleAnrMonFKT" getEnabled="GetEnabledJI" getScreentip="GetItemScreenTipp"/>
          <dialogBoxLauncher>
            <button id="Einstellungen_C" onAction="BtnOnAction" getScreentip="GetItemScreenTipp"/>
          </dialogBoxLauncher>
        </group>
      </tab>
      <tab idMso="TabJournals">
        <group id="Tab_Journal" getLabel="GetItemLabel" getVisible="ShowExplorerRibbon" autoScale="false" imageMso="AutoDial" getScreentip="GetItemScreenTipp">
          <splitButton id="spb1_J" size="large">
            <button id="btnDialExpl_J" getLabel="GetItemLabel" getImage="GetItemImageMso" onAction="BtnOnAction"  getScreentip="GetItemScreenTipp"/>
            <menu id="mnu_J1">
              <button id="btnDirektwahl_J" getLabel="GetItemLabel" getImage="GetItemImageMso" onAction="BtnOnAction" getScreentip="GetItemScreenTipp"/>
            </menu>
          </splitButton>
          <separator id="Seperator_J1"/>
          <dynamicMenu id="dynMWwdListe_J" getLabel="GetItemLabel" getContent="DynMenüfüllen" invalidateContentOnDrop="true" getEnabled="DynMenüEnabled" getScreentip="GetItemScreenTipp" getImage="GetItemImageMso" showImage="false"/>
          <dynamicMenu id="dynMAnrListe_J" getLabel="GetItemLabel" getContent="DynMenüfüllen" invalidateContentOnDrop="true" getEnabled="DynMenüEnabled" getScreentip="GetItemScreenTipp" getImage="GetItemImageMso" showImage="false"/>
          <dynamicMenu id="dynMVIPListe_J" getLabel="GetItemLabel" getContent="DynMenüfüllen" invalidateContentOnDrop="true" getEnabled="DynMenüEnabled" getScreentip="GetItemScreenTipp" getImage="GetItemImageMso" showImage="false"/>
          <separator id="Seperator_J2" getVisible="GetVisibleAnrMonFKT"/>
          <splitButton id="spb2_J" getVisible="GetVisibleAnrMonFKT">
            <toggleButton id="btnAnrMonIO_J" getLabel="GetItemLabel" onAction="BtnOnAction" getImage="GetItemImageMso" getPressed="GetPressed" getScreentip="GetItemScreenTipp"/>
            <menu id="mnu_J2">
              <button id="btnAnrMonRestart_J" getLabel="GetItemLabel" onAction="BtnOnAction" getImage="GetItemImageMso" getScreentip="GetItemScreenTipp"/>
            </menu>
          </splitButton>
          <button id="btnAnrMonShow_J" getLabel="GetItemLabel" onAction="BtnOnAction" getImage="GetItemImageMso" getVisible="GetVisibleAnrMonFKT" getScreentip="GetItemScreenTipp"/>
          <button id="btnAnrMonJI_J" getLabel="GetItemLabel" onAction="BtnOnAction" getImage="GetItemImageMso" getVisible="GetVisibleAnrMonFKT" getEnabled="GetEnabledJI" getScreentip="GetItemScreenTipp"/>
          <dialogBoxLauncher>
            <button id="Einstellungen_J" onAction="BtnOnAction" getScreentip="GetItemScreenTipp"/>
          </dialogBoxLauncher>
        </group>
      </tab>
      <tab idMso="TabMail">
        <group id="Tab_Mail" getLabel="GetItemLabel" getVisible="ShowExplorerRibbon" autoScale="false" imageMso="AutoDial">
          <splitButton id="spb1_M" size="large">
            <button id="btnDialExpl_M" getLabel="GetItemLabel" getImage="GetItemImageMso" onAction="BtnOnAction"  getScreentip="GetItemScreenTipp"/>
            <menu id="mnu_M1">
              <button id="btnDirektwahl_M" getLabel="GetItemLabel" getImage="GetItemImageMso" onAction="BtnOnAction" getScreentip="GetItemScreenTipp"/>
            </menu>
          </splitButton>
          <separator id="Seperator_M1"/>
          <dynamicMenu id="dynMWwdListe_M" getLabel="GetItemLabel" getContent="DynMenüfüllen" invalidateContentOnDrop="true" getEnabled="DynMenüEnabled" getScreentip="GetItemScreenTipp" getImage="GetItemImageMso" showImage="false"/>
          <dynamicMenu id="dynMAnrListe_M" getLabel="GetItemLabel" getContent="DynMenüfüllen" invalidateContentOnDrop="true" getEnabled="DynMenüEnabled" getScreentip="GetItemScreenTipp" getImage="GetItemImageMso" showImage="false"/>
          <dynamicMenu id="dynMVIPListe_M" getLabel="GetItemLabel" getContent="DynMenüfüllen" invalidateContentOnDrop="true" getEnabled="DynMenüEnabled" getScreentip="GetItemScreenTipp" getImage="GetItemImageMso" showImage="false"/>
          <separator id="Seperator_M2" getVisible="GetVisibleAnrMonFKT"/>
          <splitButton id="spb2_M" getVisible="GetVisibleAnrMonFKT">
            <toggleButton id="btnAnrMonIO_M" getLabel="GetItemLabel" onAction="BtnOnAction" getImage="GetItemImageMso" getPressed="GetPressed" getScreentip="GetItemScreenTipp"/>
            <menu id="mnu_M2">
              <button id="btnAnrMonRestart_M" getLabel="GetItemLabel" onAction="BtnOnAction" getImage="GetItemImageMso" getScreentip="GetItemScreenTipp"/>
            </menu>
          </splitButton>
          <button id="btnAnrMonShow_M" getLabel="GetItemLabel" onAction="BtnOnAction" getImage="GetItemImageMso" getVisible="GetVisibleAnrMonFKT" getScreentip="GetItemScreenTipp"/>
          <button id="btnAnrMonJI_M" getLabel="GetItemLabel" onAction="BtnOnAction" getImage="GetItemImageMso" getVisible="GetVisibleAnrMonFKT" getEnabled="GetEnabledJI" getScreentip="GetItemScreenTipp"/>
          <dialogBoxLauncher>
            <button id="Einstellungen_M"  getScreentip="GetItemScreenTipp" onAction="BtnOnAction"/>
          </dialogBoxLauncher>
        </group>
      </tab>
    </tabs>
  </ribbon>
  <contextMenus>
    <contextMenu idMso="ContextMenuContactItem">
      <menuSeparator id="Seperator_CM1"/>
      <button id="cbtnDial_CMC" getLabel="GetItemLabel" imageMso="AutoDial" onAction="BtnOnAction"/>
      <toggleButton id="ctbtnVIP" getLabel="GetItemLabel" onAction="tBtnOnAction" getPressed="CtBtnPressedVIP" imageMso="Pushpin"/>
      <button id="cbtnUpload_CMC" getLabel="GetItemLabel" imageMso="ParentPermissions" onAction="BtnOnAction"/>
    </contextMenu>
    <contextMenu idMso="ContextMenuJournalItem">
      <menuSeparator id="Seperator_CM2"/>
      <button id="cbtnDial_CMH" getLabel="GetItemLabel" imageMso="AutoDial" onAction="BtnOnAction"/>
    </contextMenu>
    <contextMenu idMso="ContextMenuMailItem">
      <menuSeparator id="Seperator_CM3"/>
      <button id="cbtnDial_CMM" getLabel="GetItemLabel" imageMso="AutoDial" onAction="BtnOnAction"/>
    </contextMenu>
  </contextMenus>
</customUI>

